Complexity,Loss,Equation
1,0.94157225,"0.5446405"
2,0.010384264,"mish(x0)"
3,0.008425978,"mish(mish(x0))"
4,4.0425565e-8,"sigmoid(x0) * x0"
6,1.4447688e-8,"(sigmoid(x0) * x0) + -0.0001611754"
8,1.2480926e-8,"((x0 - -0.00014031373) * sigmoid(x0)) + -0.00023133996"
11,2.4667586e-9,"(x0 - ((tanh(x0) * -0.0006079029) + 0.0006350179)) * sigmoid(x0)"
